GDP,EC,Co2 Emission,Coal_consumption,Oil consumption,GiNi
59554854575.0,2.22,167.5,1.49,12.6,33.4
45865462034.0,2.29,170.0,1.48,14.1,33.327777777777776
50134942203.0,2.36,174.5,1.51,14.6,33.25555555555555
53085455871.0,2.52,182.5,1.56,16.3,33.18333333333333
58447995017.0,2.79,197.5,1.66,19.6,33.11111111111111
62422483055.0,2.73,189.9,1.57,19.5,33.03888888888889
67350988021.0,2.84,206.6,1.59,20.5,32.96666666666667
71463193830.0,2.99,218.6,1.68,22.1,32.894444444444446
85515269586.0,3.05,219.0,1.66,23.3,32.82222222222222
99525899116.0,3.23,238.6,1.88,22.8,32.75
98472796457.0,3.47,253.4,2.02,23.3,32.67777777777778
103000000000.0,3.64,263.8,2.1,24.6,32.605555555555554
121000000000.0,3.85,277.6,2.2,26.4,32.53333333333333
137000000000.0,4.0,276.6,2.13,28.7,32.46111111111111
153000000000.0,4.22,295.9,2.26,31.0,32.38888888888889
186000000000.0,4.35,310.3,2.37,31.6,32.31666666666667
193000000000.0,4.82,341.0,2.67,34.0,32.24444444444445
201000000000.0,4.78,342.5,2.64,35.4,32.172222222222224
218000000000.0,5.03,368.7,2.8,37.2,32.1
212000000000.0,5.37,392.7,2.95,39.9,32.225
233000000000.0,5.67,416.6,3.09,43.3,32.35
249000000000.0,6.07,443.1,3.32,45.5,32.475
279000000000.0,6.46,481.2,3.64,47.0,32.6
297000000000.0,7.03,518.9,3.91,51.5,32.45
296000000000.0,7.67,568.2,4.25,55.8,32.3
321000000000.0,8.24,613.1,4.59,57.9,32.15
270000000000.0,8.69,646.1,4.89,58.9,32.0
288000000000.0,9.14,677.7,5.18,62.1,31.85
279000000000.0,9.37,699.0,5.36,62.7,31.7
327000000000.0,9.87,728.7,5.53,67.4,31.945454545454545
360000000000.0,10.62,778.6,5.87,75.2,32.19090909090909
393000000000.0,11.05,817.3,6.04,81.1,32.43636363636364
416000000000.0,11.66,859.8,6.32,86.5,32.68181818181818
421000000000.0,12.36,900.5,6.53,92.5,32.92727272727273
459000000000.0,12.72,919.1,6.47,101.6,33.17272727272727
468000000000.0,13.37,961.3,6.88,106.7,33.418181818181814
485000000000.0,13.42,970.1,6.94,107.3,33.663636363636364
515000000000.0,13.86,1011.8,7.25,109.8,33.90909090909091
608000000000.0,14.36,1052.0,7.59,112.0,34.154545454545456
709000000000.0,15.57,1114.2,8.08,118.4,34.4
820000000000.0,16.5,1202.1,8.84,120.9,34.6
940000000000.0,17.37,1253.8,9.18,127.9,34.8
1220000000000.0,18.85,1364.9,10.05,136.7,35.0
1200000000000.0,19.95,1463.8,10.87,143.5,35.199999999999996
1340000000000.0,21.45,1590.3,11.76,151.4,35.4
1680000000000.0,22.48,1652.1,12.16,154.0,35.55
1820000000000.0,23.8,1730.0,12.75,161.4,35.7
1830000000000.0,25.04,1844.5,13.82,172.0,35.6
1860000000000.0,26.02,1930.2,14.79,173.8,35.5
2040000000000.0,27.79,2083.8,16.23,179.1,35.400000000000006
2100000000000.0,28.68,2151.9,16.55,193.9,35.300000000000004
2290000000000.0,29.95,2243.2,16.84,214.3,35.2
2650000000000.0,31.14,2324.7,17.44,220.7,35.1
2700000000000.0,33.14,2449.4,18.59,229.0,35.0
2870000000000.0,33.89,2471.9,18.6,236.5,34.900000000000006
2660000000000.0,31.98,2302.3,17.54,213.1,34.800000000000004
70436266147.0,5.52,488.5,4.79,11.0,34.7
76720285970.0,6.0,530.3,5.12,14.1,34.6
72881631327.0,5.39,475.9,4.56,13.9,34.5
70846535056.0,5.45,476.7,4.52,15.2,34.400000000000006
79705906247.0,6.63,582.5,5.46,20.4,34.300000000000004
92602973434.0,8.49,748.5,6.95,28.2,34.2
99800958648.0,10.06,881.7,8.01,38.4,34.1
113688000000.0,10.85,945.4,8.47,44.2,34.0
138544000000.0,11.45,987.0,8.58,53.8,33.900000000000006
144182000000.0,11.81,1006.8,8.49,61.9,33.800000000000004
163432000000.0,13.22,1131.3,9.57,68.3,33.7
153940000000.0,13.92,1183.1,9.8,78.0,33.6
174938000000.0,15.18,1293.5,10.78,82.4,33.5
149541000000.0,16.65,1418.5,11.84,91.3,33.400000000000006
178281000000.0,17.15,1458.5,12.25,91.1,33.300000000000004
191149000000.0,17.48,1471.2,12.74,86.7,33.2
195866000000.0,17.25,1448.5,12.67,82.2,33.1
205090000000.0,18.01,1512.4,13.41,81.3,33.0
230687000000.0,19.17,1607.7,14.36,83.0,32.900000000000006
259947000000.0,20.56,1733.3,15.62,86.0,32.800000000000004
309488000000.0,22.24,1833.5,17.05,89.7,32.7
300758000000.0,23.31,1916.3,17.83,95.4,32.6
272973000000.0,25.14,2061.5,19.34,101.3,32.5
312354000000.0,27.0,2210.9,20.78,108.8,32.400000000000006
347768000000.0,28.33,2309.7,21.77,113.9,32.300000000000004
360858000000.0,28.7,2323.8,22.08,112.9,32.2
383373000000.0,30.15,2455.9,23.16,121.9,32.7
426916000000.0,31.75,2581.2,24.23,132.4,33.2
444731000000.0,34.19,2787.3,25.81,145.8,33.7
564325000000.0,36.29,2938.1,27.51,148.1,34.2
734548000000.0,37.41,3028.8,27.85,160.2,34.7
863747000000.0,39.36,3177.7,29.14,175.7,35.2
961604000000.0,39.58,3166.8,28.55,192.2,36.36666666666667
1029040000000.0,39.64,3163.4,28.34,197.1,37.53333333333334
1094000000000.0,41.03,3294.4,29.16,209.3,38.7
1211350000000.0,42.45,3360.9,29.56,224.2,39.800000000000004
1339400000000.0,44.84,3523.1,31.09,229.1,40.9
1470550000000.0,48.85,3843.4,34.08,247.9,42.0
1660290000000.0,56.89,4532.1,40.62,276.3,41.63333333333333
1955350000000.0,66.55,5334.9,47.36,322.6,41.266666666666666
2285970000000.0,75.6,6098.2,55.46,327.9,40.9
2752130000000.0,82.89,6677.3,60.91,351.8,41.6
3550340000000.0,90.09,7239.8,66.33,369.2,42.3
4594310000000.0,93.45,7378.2,67.38,376.3,43.0
5101700000000.0,97.53,7713.9,70.58,391.0,43.35
6087160000000.0,104.29,8145.8,73.22,446.3,43.7
7551500000000.0,112.54,8827.2,79.71,462.4,42.4
8532230000000.0,117.05,9004.2,80.71,484.2,42.2
9570410000000.0,121.38,9247.4,82.44,505.0,39.7
10475700000000.0,124.82,9293.2,82.49,524.9,39.2
11061600000000.0,126.53,9279.7,80.94,568.0,38.6
11233300000000.0,128.63,9279.0,80.21,586.7,38.5
12310400000000.0,132.8,9466.4,80.59,614.2,37.66
13894800000000.0,137.58,9652.7,81.11,633.7,36.82
14279900000000.0,142.03,9810.5,81.79,654.3,35.98
14722700000000.0,145.46,9899.3,82.27,669.2,35.14
8086725729.0,0.07,3.8,0.01,0.9,34.3
12512460520.0,0.07,4.1,0.01,1.0,33.46
19448348073.0,0.08,4.9,0.01,1.1,32.62
10117113333.0,0.1,5.1,0.01,1.2,31.78
9651149302.0,0.1,5.3,0.01,1.2,30.939999999999998
13281767143.0,0.11,5.8,0.01,1.3,30.1
15565480322.0,0.12,6.4,0.01,1.4,29.259999999999998
18138049096.0,0.13,7.3,0.01,1.6,28.419999999999998
20249694002.0,0.13,7.5,0.01,1.7,27.58
18525399202.0,0.15,7.9,0.01,1.7,26.74
17609048822.0,0.14,7.5,0.01,1.5,25.9
18920840000.0,0.16,7.6,0.01,1.5,26.4
22278423077.0,0.17,8.9,0.01,1.7,26.9
21774033333.0,0.19,9.7,0.01,1.8,27.53333333333333
24298032258.0,0.21,10.6,0.01,1.8,28.166666666666668
26579005760.0,0.23,10.9,0.01,1.8,28.8
28781714764.0,0.25,11.8,0.01,1.9,28.400000000000002
31598341234.0,0.27,12.8,0.01,1.9,28.0
30957483950.0,0.26,12.0,0.01,1.7,27.6
31708874594.0,0.28,13.1,0.01,1.9,28.925
33166519418.0,0.31,14.1,0.01,2.2,30.25
33768660883.0,0.33,14.8,0.01,2.2,31.575
37939748769.0,0.39,18.2,0.01,2.9,32.9
46438484108.0,0.4,18.4,0.01,3.0,33.0
48244309133.0,0.42,20.8,0.01,3.4,33.1
49984559471.0,0.45,21.1,0.01,3.8,33.199999999999996
51270569884.0,0.46,21.9,0.01,3.4,33.3
53369787319.0,0.49,23.5,0.01,3.3,33.4
53991289844.0,0.56,27.7,0.01,4.0,33.36
54724081491.0,0.58,29.7,0.02,4.0,33.32
60158929188.0,0.61,30.8,0.01,4.1,33.28
65108544250.0,0.63,33.0,0.01,3.9,33.24
69442943089.0,0.68,36.4,0.03,3.9,33.2
71819083684.0,0.74,40.4,0.05,3.9,32.980000000000004
79611888213.0,0.76,40.8,0.04,3.7,32.760000000000005
91631278239.0,0.8,44.2,0.04,3.8,32.54
102478000000.0,0.88,49.2,0.05,3.5,32.32
115279000000.0,0.9,50.6,0.03,3.9,32.1
128638000000.0,0.98,56.5,0.05,5.1,32.15
133356000000.0,1.05,60.4,0.04,5.4,32.2
149990000000.0,1.08,62.7,0.05,5.3,32.25
172885000000.0,1.12,65.4,0.03,6.0,32.3
195079000000.0,1.31,78.1,0.09,6.3,32.35
221415000000.0,1.33,79.2,0.07,7.0,32.4
249711000000.0,1.38,83.1,0.08,7.8,32.449999999999996
274039000000.0,1.47,89.3,0.09,8.9,32.5
302571000000.0,1.64,100.6,0.14,8.8,32.55
323057000000.0,1.59,98.0,0.15,7.7,32.6
90950278258.0,6.52,446.9,2.04,87.9,32.65
105628000000.0,7.2,492.8,2.17,100.0,32.699999999999996
123782000000.0,8.25,578.2,2.39,123.0,32.75
146601000000.0,9.2,641.6,2.46,142.7,32.8
172204000000.0,10.49,731.5,2.62,169.1,32.85
212609000000.0,11.73,810.5,2.53,199.2,32.9
240152000000.0,12.49,845.3,2.3,219.8,32.949999999999996
318031000000.0,13.08,880.9,2.24,234.5,33.0
432083000000.0,14.53,995.0,2.37,269.2,33.05
479626000000.0,14.59,985.7,2.51,259.0,33.1
521542000000.0,13.93,923.6,2.35,244.1,33.15
586162000000.0,14.44,951.2,2.3,253.5,33.199999999999996
721412000000.0,14.55,960.7,2.17,260.5,33.25
1013610000000.0,15.16,924.3,1.96,266.5,33.3
1055010000000.0,15.75,949.7,2.1,269.1,33.35
1105390000000.0,15.28,920.7,2.44,241.4,33.4
1218990000000.0,15.06,914.7,2.73,227.7,33.449999999999996
1134520000000.0,14.47,863.6,2.61,211.6,33.5
1243320000000.0,14.66,864.0,2.57,211.3,33.55
1318380000000.0,15.92,952.6,2.87,222.0,33.599999999999994
1398890000000.0,16.03,930.5,3.0,210.2,33.65
2078950000000.0,16.05,919.8,2.86,212.2,33.699999999999996
2532810000000.0,16.37,927.6,2.91,213.1,33.75
3071680000000.0,17.41,999.3,3.15,229.3,33.8
3054910000000.0,18.0,1025.5,3.15,238.2,33.849999999999994
3132820000000.0,18.67,1087.0,3.27,248.0,33.9
3584420000000.0,19.09,1104.2,3.24,250.6,33.949999999999996
3908810000000.0,19.3,1116.4,3.19,256.0,34.0
4454140000000.0,19.58,1110.8,3.25,250.4,34.05
4998800000000.0,20.33,1175.0,3.4,264.9,34.099999999999994
5545560000000.0,21.36,1189.9,3.53,274.8,34.15
4923390000000.0,21.77,1211.3,3.62,276.5,34.199999999999996
4492450000000.0,22.18,1210.5,3.72,273.3,34.25
4098360000000.0,21.73,1179.2,3.54,263.3,34.3
4635980000000.0,22.09,1211.1,3.73,267.4,34.349999999999994
4968360000000.0,22.33,1233.2,4.0,263.6,34.4
4374710000000.0,22.12,1226.4,4.09,255.5,34.449999999999996
4182850000000.0,22.15,1237.2,4.35,253.3,34.5
4519560000000.0,22.08,1278.0,4.47,259.5,34.55
4893120000000.0,22.32,1262.0,4.59,252.7,34.599999999999994
4831470000000.0,22.4,1295.1,4.81,248.5,34.65
4601660000000.0,22.34,1272.6,4.72,239.5,34.699999999999996
4579750000000.0,22.11,1286.9,4.96,232.3,34.75
5106680000000.0,21.73,1297.1,5.09,224.1,34.8
5289490000000.0,19.81,1127.7,4.27,199.9,33.45
5759070000000.0,21.11,1197.9,4.87,201.9,32.1
6233150000000.0,20.02,1206.1,4.62,202.4,32.36666666666667
6272360000000.0,19.89,1292.1,4.88,216.6,32.63333333333333
5212330000000.0,19.73,1279.8,5.07,206.5,32.9
4896990000000.0,19.22,1246.5,4.99,196.0,33.544444444444444
4444930000000.0,18.92,1207.1,5.03,187.9,34.18888888888889
5003680000000.0,18.7,1190.0,5.02,182.5,34.833333333333336
4930840000000.0,18.91,1181.4,5.1,179.7,35.47777777777778
5036890000000.0,18.8,1158.4,4.99,174.3,36.12222222222222
5148780000000.0,18.37,1117.7,4.91,168.3,36.766666666666666
5057760000000.0,17.03,1027.0,4.57,149.0,37.41111111111111
65292753005.0,0.25,14.8,0.01,4.4,38.05555555555556
68434409315.0,0.25,16.1,0.02,4.6,38.7
74317806538.0,0.25,14.0,0.02,3.9,38.85
79356449841.0,0.27,17.3,0.04,4.3,39.0
80604080689.0,0.29,17.9,0.05,4.1,39.15
82401038710.0,0.31,20.3,0.05,4.9,39.3
87428128124.0,0.33,21.7,0.06,5.2,39.077777777777776
87963042341.0,0.35,21.4,0.05,5.2,38.855555555555554
83990946939.0,0.36,23.3,0.06,5.6,38.63333333333333
80676681934.0,0.33,20.8,0.07,4.7,38.41111111111111
5929231415.0,0.29,19.5,0.06,3.8,38.18888888888888
6561108778.0,0.3,19.3,0.05,3.9,37.96666666666666
7464510710.0,0.33,21.1,0.05,4.3,37.74444444444444
8041999160.0,0.37,23.8,0.05,4.9,37.52222222222222
8683116338.0,0.37,23.2,0.05,4.6,37.3
10027509450.0,0.37,22.7,0.04,4.6,37.077777777777776
10665896682.0,0.36,20.9,0.03,4.3,36.855555555555554
9415016360.0,0.32,17.6,0.02,3.6,36.63333333333333
6383429490.0,0.34,18.6,0.02,3.6,36.41111111111111
8899191919.0,0.36,20.0,0.02,3.9,36.18888888888888
11230606061.0,0.39,21.1,0.02,4.1,35.96666666666666
13168080808.0,0.39,21.2,0.02,4.1,35.74444444444444
15126060606.0,0.43,22.7,0.02,4.3,35.52222222222222
17811515152.0,0.46,23.8,0.02,4.5,35.3
19688383838.0,0.5,25.8,0.03,4.8,35.077777777777776
23654444444.0,0.55,27.8,0.03,5.0,34.855555555555554
28100606061.0,0.59,29.6,0.03,5.3,34.63333333333333
30725971564.0,0.65,31.9,0.04,5.9,34.41111111111111
28691889764.0,0.7,34.2,0.04,6.5,34.18888888888888
31151825467.0,0.74,36.5,0.05,7.0,33.96666666666666
31144920844.0,0.78,39.0,0.06,7.5,33.74444444444444
31899070056.0,0.82,42.5,0.06,8.1,33.52222222222222
33351529275.0,0.92,47.4,0.07,8.8,33.3
38472742808.0,0.98,50.9,0.07,9.5,33.266666666666666
40171018229.0,1.04,55.3,0.08,10.2,33.233333333333334
40010423970.0,1.09,57.8,0.09,10.7,33.2
45625234698.0,1.15,61.4,0.09,11.3,32.45
48884606848.0,1.21,65.8,0.09,12.3,31.700000000000003
51809949334.0,1.34,72.5,0.09,13.5,30.950000000000003
52293456906.0,1.39,76.1,0.09,14.4,30.2
60636022423.0,1.46,80.7,0.09,15.7,29.45
63320122807.0,1.56,84.7,0.09,16.5,28.7
62433300338.0,1.51,85.9,0.09,17.0,30.9
62191955814.0,1.62,88.3,0.09,17.6,33.1
62973855719.0,1.69,94.1,0.09,18.2,32.2
82017743416.0,1.73,97.8,0.08,18.8,31.3
79484403985.0,1.77,98.9,0.09,18.5,30.4
79904985385.0,1.84,101.2,0.1,18.0,31.099999999999998
91760542940.0,2.0,106.6,0.13,15.9,31.8
107760000000.0,2.22,117.9,0.14,16.0,32.5
120055000000.0,2.31,120.2,0.16,15.2,32.7
137264000000.0,2.43,130.2,0.17,17.6,32.150000000000006
152386000000.0,2.59,142.0,0.23,19.1,31.6
170078000000.0,2.6,146.3,0.25,19.4,31.0
168153000000.0,2.64,146.0,0.21,20.7,30.400000000000002
177166000000.0,2.65,145.7,0.19,20.5,29.8
213587000000.0,2.65,144.1,0.17,20.7,30.9
224384000000.0,2.47,145.7,0.17,20.0,30.799999999999997
231219000000.0,2.69,146.7,0.13,21.9,30.7
244361000000.0,2.77,153.3,0.2,22.6,31.65
270556000000.0,2.92,160.9,0.19,24.6,32.6
278655000000.0,3.18,176.6,0.22,27.5,32.266666666666666
304567000000.0,3.37,190.4,0.3,28.3,31.933333333333334
314568000000.0,3.48,198.3,0.5,23.4,31.6
279057000000.0,3.51,197.4,0.56,20.7,32.45
262610000000.0,3.47,196.0,0.62,20.2,33.300000000000004
6081009428.0,0.19,13.0,0.01,4.0,34.15
6695336567.0,0.2,14.1,0.01,4.3,35.0
7086538438.0,0.24,16.3,0.01,5.1,35.85
7375000024.0,0.27,17.9,0.01,5.6,36.7
8177884553.0,0.32,22.3,0.01,7.1,37.550000000000004
10838587358.0,0.34,23.6,0.01,7.5,38.400000000000006
13703000530.0,0.36,24.3,0.01,7.7,39.25
14882747955.0,0.39,26.1,0.01,8.3,40.1
16985211146.0,0.42,27.6,0.01,8.7,40.95
19779315170.0,0.46,30.9,0.01,9.8,41.800000000000004
24006570178.0,0.5,34.8,0.01,11.0,42.650000000000006
27371699083.0,0.53,36.1,0.02,11.1,43.5
32353440727.0,0.53,37.7,0.02,11.6,44.35
34846107862.0,0.53,36.8,0.02,11.0,45.2
36589797857.0,0.55,36.4,0.03,10.0,45.0
40042826244.0,0.6,40.4,0.03,11.2,44.800000000000004
41797592963.0,0.66,44.1,0.03,11.6,44.6
38900692712.0,0.7,47.0,0.07,11.0,44.4
43096746122.0,0.74,48.7,0.07,11.5,44.199999999999996
50535438696.0,0.85,57.7,0.09,12.6,44.0
61667199835.0,0.95,64.9,0.1,14.2,43.8
72250877410.0,1.1,74.7,0.12,16.7,44.55
85343063966.0,1.3,89.7,0.16,20.1,45.3
98234695722.0,1.43,99.9,0.19,21.5,46.599999999999994
111453000000.0,1.58,110.4,0.2,24.2,47.9
128889000000.0,1.8,124.9,0.23,27.9,45.7
146683000000.0,2.02,140.0,0.26,31.2,43.5
169279000000.0,2.22,153.9,0.3,34.0,43.2
183035000000.0,2.5,171.9,0.37,37.4,42.9
150181000000.0,2.64,178.7,0.38,37.7,42.2
113676000000.0,2.45,163.8,0.3,34.5,41.5
126669000000.0,2.61,171.2,0.32,36.7,43.1
126392000000.0,2.65,168.2,0.33,34.2,42.8
120296000000.0,2.78,174.5,0.37,33.5,42.349999999999994
134301000000.0,3.07,189.4,0.39,37.4,41.9
152281000000.0,3.32,200.3,0.4,41.5,42.2
172896000000.0,3.59,218.3,0.45,45.6,42.5
189319000000.0,3.72,227.5,0.49,45.9,42.15
221758000000.0,3.77,227.7,0.52,44.9,41.8
262942000000.0,3.94,236.7,0.58,45.3,39.8
291383000000.0,3.99,237.4,0.63,43.7,40.3
281710000000.0,4.13,236.5,0.63,45.5,39.6
341105000000.0,4.39,248.7,0.65,46.9,39.4
370819000000.0,4.56,253.5,0.66,48.8,37.5
397558000000.0,4.87,270.6,0.69,51.1,39.3
420333000000.0,4.95,274.8,0.68,53.0,37.8
407339000000.0,5.09,281.6,0.75,53.0,37.0
401296000000.0,5.21,289.7,0.73,55.3,36.0
413366000000.0,5.32,296.4,0.75,57.4,36.9
456357000000.0,5.41,297.1,0.75,58.9,36.5
506611000000.0,5.53,299.6,0.8,59.0,36.4
544264000000.0,5.51,294.3,0.71,59.2,34.9
501644000000.0,5.12,277.1,0.73,54.0,35.55238095238095
2956356984.0,0.1,7.0,0.6921052631578948,2.3,36.2047619047619
3143538482.0,0.12,8.2,0.6542105263157895,2.7,36.857142857142854
3188945512.0,0.12,8.3,0.6163157894736842,2.7,37.509523809523806
3330393310.0,0.13,8.4,0.578421052631579,2.8,38.161904761904765
3664575983.0,0.13,8.7,0.5405263157894737,2.8,38.81428571428572
3864170913.0,0.15,9.6,0.5026315789473684,3.1,39.46666666666667
4244340334.0,0.16,10.8,0.46473684210526317,3.4,40.11904761904762
5043268549.0,0.18,12.2,0.4268421052631579,3.8,40.77142857142857
7662996767.0,0.2,13.3,0.38894736842105265,4.1,41.423809523809524
9496074114.0,0.2,13.4,0.3510526315789474,4.1,42.076190476190476
9298800799.0,0.21,17.7,0.31315789473684214,4.3,42.72857142857143
11050125905.0,0.23,20.2,0.2752631578947369,4.8,43.38095238095238
13139397879.0,0.25,21.1,0.23736842105263162,5.5,44.03333333333333
16358376511.0,0.35,26.0,0.19947368421052636,5.9,44.68571428571428
21213672089.0,0.43,32.9,0.16157894736842104,7.2,45.338095238095235
24488033442.0,0.46,34.8,0.12368421052631584,8.2,45.99047619047619
25004557094.0,0.47,35.2,0.08578947368421064,8.7,46.642857142857146
26804401816.0,0.51,37.0,0.04789473684210532,9.1,47.2952380952381
30346788438.0,0.58,42.2,0.01,9.7,47.94761904761905
33943505718.0,0.63,44.8,0.01,9.5,48.6
31200161095.0,0.63,42.5,0.01,9.5,48.06666666666667
27734562640.0,0.7,43.3,0.01,9.1,47.53333333333333
32181695507.0,0.72,43.5,0.01,9.3,47.0
35271880250.0,0.77,46.4,0.01,10.1,46.6
38848567631.0,0.86,53.3,0.05,10.5,46.2
44024178343.0,0.93,60.6,0.06,12.6,46.7
49143148094.0,1.12,72.3,0.07,13.6,47.2
59167550163.0,1.21,77.3,0.07,14.9,47.7
66894837030.0,1.26,79.0,0.06,16.4,47.96666666666667
74478356958.0,1.38,87.2,0.06,18.0,48.233333333333334
88705342903.0,1.44,89.1,0.07,18.9,48.5
100855000000.0,1.61,100.6,0.07,20.6,48.8
100005000000.0,1.87,116.6,0.07,23.9,49.1
72167498981.0,1.74,107.6,0.07,20.3,48.65
79148421053.0,1.97,121.1,0.08,22.3,48.2
93789736842.0,2.2,133.6,0.1,22.4,47.75
92783947368.0,2.21,135.8,0.12,23.3,47.3
100846000000.0,2.36,146.8,0.15,26.0,46.85
110202000000.0,2.57,162.3,0.22,27.6,46.4
124749000000.0,2.74,173.6,0.28,28.0,45.86666666666667
143534000000.0,2.92,183.9,0.29,28.0,45.33333333333333
162691000000.0,3.04,189.7,0.31,28.9,44.8
193548000000.0,3.24,193.0,0.37,30.8,45.15
230814000000.0,3.36,201.0,0.41,29.4,45.5
202258000000.0,3.25,193.8,0.44,29.2,44.96666666666667
255017000000.0,3.35,215.3,0.62,29.2,44.43333333333333
297952000000.0,3.47,216.2,0.62,31.5,43.9
314443000000.0,3.73,229.3,0.66,32.8,42.599999999999994
323277000000.0,3.9,239.5,0.63,34.9,41.3
338062000000.0,3.94,249.4,0.64,35.0,41.2
301355000000.0,4.0,253.7,0.73,32.2,41.1
301255000000.0,4.21,258.3,0.78,36.2,41.16804123711341
319112000000.0,4.27,247.4,0.87,34.0,41.236082474226805
358792000000.0,4.33,255.0,0.93,34.2,41.30412371134021
365276000000.0,4.43,263.0,0.95,36.0,41.37216494845361
337006000000.0,4.11,256.0,1.14,31.1,41.440206185567014
5654463586.0,0.3,15.0,0.07,2.7,41.50824742268041
5863733231.0,0.32,15.8,0.07,3.0,41.57628865979382
5961418094.0,0.32,15.7,0.06,3.2,41.644329896907216
5180597621.0,0.33,15.7,0.06,3.3,41.71237113402062
5761588762.0,0.33,16.2,0.06,3.4,41.78041237113402
,0.37,18.2,0.06,4.0,41.848453608247425
7911136757.0,0.39,18.1,0.05,4.1,41.91649484536082
9567331065.0,0.42,19.4,0.05,4.4,41.98453608247423
12802281898.0,0.43,20.9,0.06,4.7,42.05257731958763
13940981798.0,0.44,20.6,0.06,4.5,42.12061855670103
12861983284.0,0.44,19.8,0.06,4.3,42.18865979381444
13604832424.0,0.46,21.5,0.06,4.4,42.256701030927836
15446825318.0,0.46,22.3,0.06,4.4,42.32474226804124
18530518395.0,0.46,21.0,0.05,4.2,42.39278350515464
20731243113.0,0.46,19.6,0.05,4.2,42.460824742268045
23244547385.0,0.47,19.1,0.05,4.1,42.52886597938144
24417617184.0,0.47,18.7,0.05,3.9,42.59690721649485
24164603059.0,0.48,20.3,0.05,3.8,42.66494845360825
24309279706.0,0.5,20.4,0.05,3.7,42.73298969072165
21665975319.0,0.53,20.5,0.05,3.7,42.80103092783505
24679795396.0,0.54,21.0,0.05,3.5,42.869072164948456
30604668357.0,0.58,22.0,0.05,3.1,42.937113402061854
40376354070.0,0.58,22.4,0.04,3.6,43.00515463917526
45176811594.0,0.61,23.4,0.05,3.6,43.073195876288665
43920222525.0,0.55,20.6,0.05,3.7,43.14123711340206
45495129385.0,0.65,25.9,0.05,4.1,43.20927835051547
42745329732.0,0.66,26.4,0.05,4.2,43.27731958762887
41649829860.0,0.67,28.0,0.05,4.3,43.34536082474227
46775620817.0,0.68,27.4,0.05,4.3,43.41340206185567
55314732279.0,0.72,28.5,0.05,5.0,43.481443298969076
63918703507.0,0.75,28.8,0.05,5.4,43.549484536082474
70140835299.0,0.76,29.7,0.05,5.6,43.61752577319588
66075143415.0,0.77,31.7,0.05,5.9,43.68556701030928
56227169851.0,0.77,30.4,0.05,6.0,43.75360824742268
58762260626.0,0.77,31.7,0.05,6.0,43.82164948453608
52623281957.0,0.81,32.3,0.05,6.2,43.88969072164949
53872425917.0,0.8,34.5,0.06,6.2,43.95773195876289
66627729311.0,0.83,34.5,0.06,6.4,44.02577319587629
88250885550.0,0.8,36.7,0.08,6.8,44.093814432989696
103905000000.0,0.83,35.8,0.09,6.8,44.161855670103094
114720000000.0,0.8,38.0,0.1,7.0,44.2298969072165
111539000000.0,0.81,37.8,0.09,7.1,44.2979381443299
137189000000.0,0.81,36.9,0.07,7.1,44.3659793814433
133131000000.0,0.81,37.9,0.09,7.2,44.4340206185567
121374000000.0,0.81,34.9,0.07,6.9,44.50206185567011
146518000000.0,0.83,34.8,0.06,6.9,44.570103092783505
168291000000.0,0.83,34.7,0.06,7.1,44.63814432989691
176207000000.0,0.84,36.3,0.07,7.0,44.70618556701031
190907000000.0,0.84,35.7,0.06,7.1,44.774226804123714
201313000000.0,0.88,35.8,0.06,7.3,44.84226804123711
178064000000.0,0.89,36.6,0.06,7.6,44.91030927835052
188943000000.0,0.89,35.7,0.05,7.7,44.978350515463916
206951000000.0,0.91,37.8,0.05,8.2,45.04639175257732
212226000000.0,0.91,37.7,0.06,8.2,45.11443298969073
212891000000.0,0.93,39.4,0.06,8.3,45.182474226804125
210701000000.0,0.84,34.1,0.06,6.9,45.25051546391753
6517304758.0,0.2,13.2,0.05615384615384615,4.2,45.31855670103093
7189017888.0,0.21,14.4,0.052307692307692305,4.6,45.386597938144334
7724873935.0,0.24,16.2,0.04846153846153846,5.1,45.45463917525773
8632749269.0,0.27,18.4,0.04461538461538461,5.9,45.52268041237114
9571800653.0,0.29,19.7,0.040769230769230766,6.3,45.590721649484536
7559179530.0,0.33,22.4,0.03692307692307692,7.2,45.65876288659794
8375086047.0,0.38,26.0,0.03307692307692307,8.3,45.72680412371134
9067872579.0,0.37,25.5,0.02923076923076923,8.2,45.794845360824745
11412421020.0,0.43,29.6,0.025384615384615387,9.6,45.86288659793814
15607825070.0,0.4,27.8,0.02153846153846154,9.0,45.93092783505155
16875240683.0,0.44,30.0,0.017692307692307695,9.7,45.998969072164954
19380945793.0,0.45,31.0,0.013846153846153848,10.0,46.06701030927835
22283185056.0,0.49,34.0,0.01,10.9,46.13505154639176
25762077665.0,0.51,35.3,0.01,11.2,46.203092783505156
31218507870.0,0.53,36.3,0.01,11.6,46.27113402061856
36848242784.0,0.52,34.7,0.01,10.9,46.33917525773196
40499645208.0,0.52,33.0,0.01,10.2,46.407216494845365
42206011275.0,0.51,31.9,0.01,9.8,46.47525773195876
37759237658.0,0.55,33.8,0.02,10.3,46.54329896907217
35730202751.0,0.5,29.2,0.03,8.4,46.61134020618557
34961565263.0,0.48,27.5,0.05,7.4,46.67938144329897
33987178952.0,0.49,27.7,0.04,7.8,46.74742268041237
37791442731.0,0.53,32.0,0.04,9.1,46.815463917525776
43152077817.0,0.58,35.1,0.05,9.8,46.88350515463918
48513735777.0,0.63,37.8,0.04,11.0,46.95154639175258
50508286643.0,0.66,39.9,0.04,11.5,47.01958762886598
51784207132.0,0.64,39.4,0.05,11.1,47.08762886597938
60422309297.0,0.74,47.5,0.05,13.7,47.15567010309279
62036625223.0,0.76,48.8,0.05,14.1,47.22371134020619
73159245524.0,0.81,51.2,0.05,14.9,47.29175257731959
84644220102.0,0.9,58.0,0.06,16.8,47.35979381443299
94648084429.0,0.97,62.5,0.08,17.5,47.427835051546396
94106183450.0,1.04,68.5,0.1,18.8,47.495876288659794
74492325247.0,1.06,69.2,0.1,19.1,47.5639175257732
85640133800.0,1.08,67.4,0.12,18.0,47.6319587628866
83669693589.0,1.08,66.8,0.17,16.6,47.7
78921234457.0,1.06,67.9,0.17,16.5,47.333333333333336
84307291974.0,1.05,66.5,0.15,15.6,46.96666666666667
87039145965.0,1.09,68.4,0.16,15.5,46.6
95002028505.0,1.13,70.7,0.17,15.9,46.800000000000004
107420000000.0,1.12,70.8,0.19,14.8,47.0
127653000000.0,1.09,67.9,0.21,13.3,47.2
155980000000.0,1.13,72.2,0.23,13.8,46.9
181625000000.0,1.17,74.4,0.27,13.2,46.6
175975000000.0,1.18,74.9,0.25,13.7,46.3
208369000000.0,1.22,80.5,0.29,14.3,46.36666666666667
234217000000.0,1.24,81.3,0.32,13.5,46.43333333333333
261921000000.0,1.28,83.8,0.34,14.0,46.5
283903000000.0,1.38,92.1,0.42,14.7,45.86666666666667
297483000000.0,1.45,97.7,0.45,15.6,45.233333333333334
306446000000.0,1.59,106.7,0.49,17.7,44.6
318627000000.0,1.73,116.8,0.55,19.0,43.833333333333336
328481000000.0,1.9,129.1,0.65,20.3,43.06666666666666
346842000000.0,1.96,134.0,0.68,20.4,42.3
376823000000.0,2.02,140.9,0.73,20.8,41.805
361489000000.0,1.82,127.4,0.73,17.0,41.309999999999995
5667756645.0,0.3,18.7,0.6699999999999999,5.7,40.815
7076465295.0,0.32,19.6,0.61,6.0,40.32
8337423313.0,0.36,21.3,0.55,6.4,39.824999999999996
9150684932.0,0.38,22.6,0.49,6.8,39.33
9333536360.0,0.37,23.5,0.43,7.0,38.835
10997590361.0,0.39,25.4,0.37,7.6,38.339999999999996
16273253012.0,0.44,29.7,0.31,9.1,37.845
25802409639.0,0.47,31.4,0.25,9.5,37.349999999999994
30463855422.0,0.57,44.7,0.18999999999999995,10.9,36.855
37269156627.0,0.6,50.1,0.13,11.7,36.36
45808915663.0,0.8,62.6,0.07000000000000006,13.8,35.864999999999995
51455719100.0,0.88,65.2,0.01,15.1,35.37
51400186379.0,1.01,73.4,0.01,16.5,34.875
72482337370.0,1.08,80.4,0.01,18.4,34.379999999999995
85518233451.0,1.17,87.2,0.01,20.6,33.885
90158449307.0,1.2,87.2,0.01,21.4,33.39
81052283405.0,1.27,86.9,0.01,21.0,32.894999999999996
84853699994.0,1.37,91.1,0.01,22.1,32.4
85289491750.0,1.46,91.9,0.04,21.8,31.8
79954072570.0,1.62,100.8,0.06,23.8,31.2
75929617577.0,1.71,109.9,0.09,24.8,30.6
84300174477.0,1.81,114.5,0.1,26.0,30.8
94451427898.0,2.0,125.1,0.15,27.5,31.0
106141000000.0,2.2,145.1,0.14,31.7,31.2
116622000000.0,2.39,157.7,0.14,33.6,31.466666666666665
128027000000.0,2.62,172.6,0.18,36.2,31.733333333333334
158007000000.0,2.77,183.9,0.21,38.0,32.0
176892000000.0,2.96,192.9,0.21,39.1,32.833333333333336
202132000000.0,3.16,205.3,0.23,41.5,33.666666666666664
227370000000.0,3.37,216.4,0.27,44.1,34.5
215749000000.0,3.65,241.1,0.33,48.9,32.8
95445547873.0,3.59,239.3,0.36,46.5,31.1
140001000000.0,3.92,257.4,0.49,48.7,31.1
165021000000.0,4.24,278.2,0.55,54.3,28.6
160447000000.0,4.54,301.5,0.7,56.1,29.0
195661000000.0,4.69,311.0,0.72,57.0,31.7
234772000000.0,5.05,344.5,0.97,57.7,31.9
256837000000.0,5.02,336.4,0.89,61.5,32.7
285869000000.0,5.15,343.3,1.02,60.9,33.0
364571000000.0,5.23,362.7,1.21,58.0,34.3
432217000000.0,5.62,393.7,1.52,61.5,35.7
510229000000.0,5.62,385.0,1.32,61.4,35.2
539580000000.0,5.84,403.3,1.39,62.6,35.1
755094000000.0,6.4,446.5,1.65,66.5,36.4
892969000000.0,6.88,488.3,1.96,72.6,39.7
917870000000.0,7.32,529.0,2.22,76.4,39.7
912524000000.0,7.56,538.6,2.39,75.4,40.0
890815000000.0,7.02,487.6,1.89,74.4,39.4
860854000000.0,7.09,502.6,2.14,69.8,39.7
931877000000.0,7.17,502.3,2.23,67.6,38.6
1015620000000.0,7.47,526.9,2.39,71.9,38.1
1042270000000.0,8.07,575.3,2.84,73.4,37.8
1119090000000.0,8.65,624.5,3.41,72.1,38.2
1058420000000.0,8.1,579.9,3.26,63.9,37.81666666666667
25977153097.0,1.53,118.8,0.73,16.8,37.43333333333334
27309889125.0,1.6,125.1,0.75,18.0,37.050000000000004
30444618658.0,1.7,132.4,0.77,19.7,36.66666666666667
32716989584.0,1.8,139.7,0.8,21.5,36.28333333333334
36686079068.0,1.87,144.3,0.83,22.1,35.900000000000006
41337215814.0,2.05,155.3,0.83,24.4,35.516666666666666
45222309329.0,2.15,161.2,0.84,25.7,35.13333333333333
52051401869.0,2.25,168.2,0.87,26.1,34.75
63844971172.0,2.4,178.6,0.91,27.9,34.36666666666667
88981577008.0,2.55,189.0,0.95,29.5,33.983333333333334
97333060221.0,2.6,191.9,0.98,29.1,33.6
105101000000.0,2.69,198.4,1.01,29.8,33.21666666666667
110388000000.0,2.82,208.4,1.06,31.2,32.833333333333336
118536000000.0,2.91,215.1,1.09,31.7,32.45
134941000000.0,3.02,223.1,1.14,32.1,32.06666666666667
150032000000.0,3.03,224.3,1.17,30.6,31.683333333333334
176953000000.0,3.08,227.8,1.2,30.1,31.3
194105000000.0,3.05,226.8,1.21,29.6,31.6
177334000000.0,2.95,218.0,1.21,26.4,31.9
193594000000.0,3.06,226.8,1.28,27.3,32.2
180574000000.0,3.15,232.8,1.33,27.4,32.5
182368000000.0,3.21,237.7,1.36,27.0,32.675
189400000000.0,3.31,245.6,1.42,27.7,32.85
236066000000.0,3.46,257.1,1.49,28.9,33.025000000000006
299768000000.0,3.63,270.3,1.56,30.1,33.2
311327000000.0,3.71,274.9,1.6,30.8,33.1
325903000000.0,3.68,274.8,1.63,29.7,33.0
325480000000.0,3.74,278.7,1.64,30.4,32.900000000000006
312126000000.0,3.82,283.3,1.65,31.3,32.800000000000004
322807000000.0,3.97,293.3,1.69,32.5,32.7
367916000000.0,4.14,307.7,1.74,35.2,32.6
401090000000.0,4.27,318.1,1.81,36.2,32.75
435324000000.0,4.37,327.9,1.91,36.7,32.9
399404000000.0,4.47,337.4,1.99,36.7,33.05
389099000000.0,4.66,352.9,2.11,37.6,33.2
415576000000.0,4.69,355.0,2.13,37.6,33.35
379084000000.0,4.73,357.2,2.11,37.6,33.5
395343000000.0,4.82,363.8,2.16,38.0,33.5
467391000000.0,4.89,370.2,2.22,37.8,33.5
614166000000.0,5.04,383.2,2.31,38.8,33.1
695075000000.0,5.06,383.0,2.3,39.3,33.675
747556000000.0,5.28,398.6,2.36,40.5,34.25
853955000000.0,5.39,405.8,2.34,41.1,34.825
1055130000000.0,5.46,415.2,2.44,41.3,35.4
928043000000.0,5.37,405.6,2.36,40.3,35.05
1147590000000.0,5.33,396.5,2.19,40.8,34.7
1397910000000.0,5.48,400.7,2.13,42.9,34.625
1546510000000.0,5.42,393.1,2.0,44.5,34.55
1576340000000.0,5.49,391.3,1.89,45.8,34.475
1467500000000.0,5.54,396.4,1.88,45.9,34.4
1350530000000.0,5.67,405.4,1.95,45.6,34.4
1206690000000.0,5.7,403.2,1.94,45.7,34.4
1326880000000.0,5.67,400.7,1.88,47.9,34.4
1428530000000.0,5.7,396.6,1.83,48.7,34.4
1391950000000.0,5.88,401.0,1.75,48.3,34.4
1327840000000.0,5.57,372.3,1.69,41.9,34.4
